{"stats":{"minecraft:used":{"minecraft:crafting_table":1,"minecraft:stone_pickaxe":18,"minecraft:wooden_pickaxe":9},"minecraft:picked_up":{"minecraft:oak_log":6,"minecraft:dirt":2,"minecraft:cobblestone":26},"minecraft:custom":{"minecraft:time_since_rest":6139,"minecraft:crouch_one_cm":1796,"minecraft:play_time":6139,"minecraft:sprint_one_cm":176,"minecraft:damage_taken":20,"minecraft:walk_one_cm":6774,"minecraft:sneak_time":642,"minecraft:jump":2,"minecraft:time_since_death":6139,"minecraft:total_world_time":6139,"minecraft:interact_with_crafting_table":4,"minecraft:fall_one_cm":484,"minecraft:fly_one_cm":179},"minecraft:mined":{"minecraft:grass_block":1,"minecraft:oak_log":6,"minecraft:dirt":1,"minecraft:stone":27},"minecraft:crafted":{"minecraft:oak_planks":24,"minecraft:stone_shovel":1,"minecraft:stone_axe":1,"minecraft:crafting_table":1,"minecraft:stick":8,"minecraft:stone_pickaxe":1,"minecraft:wooden_pickaxe":1}},"DataVersion":3953}